Job Title,Job link,Company,location,Category
Quality Analyst,https://internshala.com/internship/detail/quality-analyst-internship-in-udaipur-at-kadel-labs-private-limited1750759558,Kadel Labs Private Limited,Udaipur,Internship
PHP Development,https://internshala.com/internship/detail/work-from-home-php-development-internship-at-taxsafar1750759597,Taxsafar,Work from home,Internship
Computer Vision,https://internshala.com/internship/detail/work-from-home-part-time-computer-vision-internship-at-gudsky-research-foundation1750759438,Gudsky Research Foundation,Work from home,Internship
Full Stack Development,https://internshala.com/internship/detail/full-stack-development-internship-in-bangalore-at-aow-information-technology-pvt-ltd1750759414,AOW Information Technology Private Limited,Bangalore,Internship
Flutter Development,https://internshala.com/internship/detail/flutter-development-internship-in-ghaziabad-at-nexra-corppe-private-limited1750758242,Nexra Corppe Private Limited,Ghaziabad,Internship
Flutter Development,https://internshala.com/internship/detail/flutter-development-internship-in-multiple-locations-at-l2bc1750750701,L2BC,"Faridabad, Delhi                                                                (Hybrid)",Internship
MERN Stack Developer,https://internshala.com/internship/detail/mern-stack-developer-internship-in-ahmedabad-at-maxgen-technologies-private-limited1750756402,Maxgen Technologies Private Limited,Ahmedabad,Internship
Microsoft Dynamics 365 Developer,https://internshala.com/internship/detail/work-from-home-microsoft-dynamics-365-developer-internship-at-aaptatt1750754156,Aaptatt,Work from home,Internship
Mobile App Development,https://internshala.com/internship/detail/work-from-home-mobile-app-development-internship-at-slayd1750753654,Slayd,Work from home,Internship
Mobile App Development,https://internshala.com/internship/detail/work-from-home-mobile-app-development-internship-at-skinminds-derma-pvt-ltd1750752885,SkinMinds Derma Pvt Ltd,Work from home,Internship
,,,,Internship
React Native Development,https://internshala.com/internship/detail/work-from-home-react-native-development-internship-at-qcerebrum-software1750752551,QCerebrum Software,Work from home,Internship
Proposal Writing & Automation Support,https://internshala.com/internship/detail/work-from-home-part-time-proposal-writing-automation-support-internship-at-srs-infosystems-private-limited1750750107,SRS Infosystems Private Limited,Work from home,Internship
Flutter Developer,https://internshala.com/internship/detail/flutter-developer-internship-in-ahmedabad-at-maxgen-technologies-private-limited1750749019,Maxgen Technologies Private Limited,Ahmedabad,Internship
Software Development,https://internshala.com/internship/detail/work-from-home-part-time-software-development-internship-at-compass-travel-vietnam1750748868,Compass Travel Vietnam,Work from home,Internship
Front End Development,https://internshala.com/internship/detail/work-from-home-front-end-development-internship-at-interview-ghost1750746952,Interview Ghost,Work from home,Internship
Java Development,https://internshala.com/internship/detail/work-from-home-java-development-internship-at-engineer-diaries1750745434,Engineer Diaries,Work from home,Internship
Full Stack Development,https://internshala.com/internship/detail/full-stack-development-internship-in-delhi-at-itech-mission-private-limited1750743385,iTech Mission Private Limited,Delhi,Internship
Backend Development,https://internshala.com/internship/detail/backend-development-internship-in-bangalore-at-liveintuitions-technologies1750743288,LiveIntuitions Technologies,Bangalore,Internship
Digital Marketing,https://internshala.com/internship/detail/work-from-home-digital-marketing-internship-at-quantazone1750741606,Quantazone,Work from home,Internship
Software Development,https://internshala.com/internship/detail/software-development-internship-in-navi-mumbai-at-edith-defence-systems-private-limited1750741106,Edith Defence Systems Private Limited,Navi Mumbai,Internship
Full Stack Development,https://internshala.com/internship/detail/work-from-home-full-stack-development-internship-at-somebodymakeit1750739761,SomebodyMakeIt,Work from home,Internship
ReactJS Development,https://internshala.com/internship/detail/work-from-home-reactjs-development-internship-at-engineer-diaries1750738504,Engineer Diaries,Work from home,Internship
Web Development,https://internshala.com/internship/detail/work-from-home-part-time-web-development-internship-at-institute-of-admissions-professionals1750733141,Institute Of Admissions Professionals,Work from home,Internship
Flutter Frontend Development,https://internshala.com/internship/detail/flutter-frontend-development-internship-in-ahmedabad-at-symmatric1750697892,Symmatric,Ahmedabad,Internship
Front End Development,https://internshala.com/internship/detail/front-end-development-internship-in-bangalore-at-liveintuitions-technologies1750690990,LiveIntuitions Technologies,Bangalore,Internship
Unreal Engine - Game Design,https://internshala.com/internship/detail/unreal-engine-game-design-internship-in-mumbai-at-aviate-manpower1750690506,Aviate Manpower,Mumbai,Internship
Laravel Development,https://internshala.com/internship/detail/work-from-home-laravel-development-internship-at-das-it-consultancy1750690060,Das IT Consultancy,Work from home,Internship
AI Agent Development,https://internshala.com/internship/detail/ai-agent-development-internship-in-mumbai-at-make-my-vid1750689912,Make My Vid,Mumbai,Internship
PHP Developer,https://internshala.com/internship/detail/work-from-home-php-developer-internship-at-akshada-infosystem1750688280,Akshada Infosystem,Work from home,Internship
Mobile App Development,https://internshala.com/internship/detail/mobile-app-development-internship-in-gurgaon-at-factacyai1750680388,Factacy.Ai,Gurgaon,Internship
Backend Development,https://internshala.com/internship/detail/work-from-home-backend-development-internship-at-tailortalk1750684671,TailorTalk,Work from home,Internship
PHP Development,https://internshala.com/internship/detail/php-development-internship-in-pune-at-trully-capital-fintech-private-limited1750683863,Trully Capital Fintech Private Limited,Pune,Internship
Web Development,https://internshala.com/internship/detail/web-development-internship-in-kolkata-at-canberg-global-sourcing-private-limited1750682511,Canberg Global Sourcing Private Limited,Kolkata,Internship
Flutter Development,https://internshala.com/internship/detail/flutter-development-internship-in-indore-at-ixora-infotech-private-limited1750674113,Ixora Infotech Private Limited,Indore,Internship
Full Stack Development,https://internshala.com/internship/detail/full-stack-development-internship-in-bangalore-at-delve-ai1750677923,Delve AI,Bangalore,Internship
Quality Analyst,https://internshala.com/internship/detail/quality-analyst-internship-in-gurgaon-at-gomechanic1750676531,GoMechanic,Gurgaon,Internship
Backend Development,https://internshala.com/internship/detail/backend-development-internship-in-bangalore-at-koolbuch-technology1750675022,KoolBuch Technology,Bangalore                                                                (Hybrid),Internship
Web Development,https://internshala.com/internship/detail/work-from-home-web-development-internship-at-anextrarep1750671374,AnExtraRep,Work from home,Internship
Web Development,https://internshala.com/internship/detail/work-from-home-part-time-web-development-internship-at-collegetips-ed-tech-media-private-limited1750671322,CollegeTips Ed Tech Media Private Limited,Work from home,Internship
Embedded Developer,https://internshala.com/internship/detail/embedded-developer-internship-in-pondicherry-at-exor-robotics1750667467,Exor Robotics,Pondicherry,Internship
DevOps Engineer,https://internshala.com/internship/detail/devops-engineer-internship-in-delhi-at-isourse1750666133,Isourse,Delhi,Internship
Flutter Developer,https://internshala.com/internship/detail/flutter-developer-internship-in-mumbai-at-collateral-medical-private-limited1750664347,Collateral Medical Private Limited,Mumbai,Internship
WordPress Development,https://internshala.com/internship/detail/wordpress-development-internship-in-ahmedabad-at-stempedia1750663964,STEMpedia,Ahmedabad,Internship
Backend Development,https://internshala.com/internship/detail/work-from-home-backend-development-internship-at-travel-lykke-private-limited1750659654,Travel Lykke Private Limited,Work from home,Internship
Product Management,https://internshala.com/internship/detail/product-management-internship-in-mumbai-at-ufaber-edutech-private-limited1750659361,UFaber Edutech Private Limited,Mumbai,Internship
R&D - New Product Development,https://internshala.com/internship/detail/r-d-new-product-development-internship-in-thane-at-mosaic-wellness1750655114,Mosaic Wellness,Thane,Internship
Full Stack Development,https://internshala.com/internship/detail/work-from-home-full-stack-development-internship-at-statslane1750654784,Statslane,Work from home,Internship
MERN Stack,https://internshala.com/internship/detail/mern-stack-internship-in-ahmedabad-at-maxgen-technologies-private-limited1750654244,Maxgen Technologies Private Limited,Ahmedabad,Internship
Web Development,https://internshala.com/internship/detail/web-development-internship-in-multiple-locations-at-tungsten-fitness-club-private-limited1750653751,TUNGSTEN FITNESS CLUB PRIVATE LIMITED,"Thane, Navi Mumbai, Mumbai",Internship
PHP Development,https://internshala.com/internship/detail/work-from-home-php-development-internship-at-oyelabs1750652355,OyeLabs,Work from home,Internship
,,,,Internship
Flutter Development,https://internshala.com/internship/detail/work-from-home-flutter-development-internship-at-oyelabs1750652309,OyeLabs,Work from home,Internship
Unreal Developer,https://internshala.com/internship/detail/work-from-home-unreal-developer-internship-at-idz-digital-private-limited1750649828,IDZ Digital Private Limited,Work from home,Internship
Unity Game Developer,https://internshala.com/internship/detail/work-from-home-unity-game-developer-internship-at-idz-digital-private-limited1750649683,IDZ Digital Private Limited,Work from home,Internship
Odoo Python Developer,https://internshala.com/internship/detail/part-time-odoo-python-developer-internship-in-guwahati-at-business-equipment-engineers1750646023,Business Equipment Engineers,Guwahati,Internship
Content & E-Commerce Management,https://internshala.com/internship/detail/content-e-commerce-management-internship-in-tiruchirappalli-at-the-mint-street1750645483,The Mint Street,Tiruchirappalli,Internship
Full Stack Development,https://internshala.com/internship/detail/work-from-home-full-stack-development-internship-at-hydizo-global-solutions-pvt-ltd1750642046,Hydizo Global Solutions PVT LTD,Work from home,Internship
AIML Engineer,https://internshala.com/internship/detail/aiml-engineer-internship-in-mumbai-at-subash-vijay-associates-sva1750615078,Subash Vijay Associates (SVA),Mumbai,Internship
PHP Development,https://internshala.com/internship/detail/php-development-internship-in-bhopal-at-graps-marketing-pvt-ltd1750598658,Graps Marketing Pvt Ltd,Bhopal,Internship
Web Development,https://internshala.com/internship/detail/web-development-internship-in-pune-at-maxgen-technologies-private-limited1750576609,Maxgen Technologies Private Limited,Pune,Internship
Python Development,https://internshala.com/internship/detail/python-development-internship-in-ahmedabad-at-maxgen-technologies-private-limited1750574195,Maxgen Technologies Private Limited,Ahmedabad,Internship
React Native Development,https://internshala.com/internship/detail/work-from-home-react-native-development-internship-at-brihat-infotech-private-limited1750563418,Brihat Infotech Private Limited,Work from home,Internship
Full Stack Development,https://internshala.com/internship/detail/full-stack-development-internship-in-bangalore-at-wiredleap-technology-private-limited1750538301,WIREDLEAP TECHNOLOGY PRIVATE LIMITED,Bangalore,Internship
Product Management,https://internshala.com/internship/detail/work-from-home-part-time-product-management-internship-at-first-contact1750532663,First Contact,Work from home,Internship
Web Development,https://internshala.com/internship/detail/work-from-home-part-time-web-development-internship-at-first-contact1750532367,First Contact,Work from home,Internship
Web Development,https://internshala.com/internship/detail/work-from-home-part-time-web-development-internship-at-conscious-humanity-network-foundation1750507256,Conscious Humanity Network Foundation,Work from home,Internship
Junior Software Developer,https://internshala.com/internship/detail/junior-software-developer-internship-in-multiple-locations-at-ypp-mykiranahub-pvtltd1750506558,YPP MyKiranaHub,"Pune, Pimpri-Chinchwad",Internship
ReactJS Development,https://internshala.com/internship/detail/work-from-home-part-time-reactjs-development-internship-at-eventful-india-marketing-services1750506421,Eventful India Marketing Services,Work from home,Internship
Ionic App Development,https://internshala.com/internship/detail/work-from-home-part-time-ionic-app-development-internship-at-conscious-humanity-network-foundation1750506310,Conscious Humanity Network Foundation,Work from home,Internship
Cloud Computing Mentor,https://internshala.com/internship/detail/work-from-home-part-time-cloud-computing-mentor-internship-at-devtown1750505560,DevTown,Work from home,Internship
Full Stack Development,https://internshala.com/internship/detail/work-from-home-full-stack-development-internship-at-digital-guruji1750504358,Digital Guruji,Work from home,Internship
Software Testing And Quality Assurance,https://internshala.com/internship/detail/work-from-home-software-testing-and-quality-assurance-internship-at-w3dev1750494544,W3Dev,Work from home,Internship
Full Stack Development,https://internshala.com/internship/detail/work-from-home-full-stack-development-internship-at-deepnexusin1750489674,DeepNexus.in,Work from home,Internship
WordPress Development,https://internshala.com/internship/detail/wordpress-development-internship-in-mumbai-at-beeyond-tech1750487524,Beeyond Tech,Mumbai,Internship
Flutter Development,https://internshala.com/internship/detail/work-from-home-flutter-development-internship-at-sarva-suvidhan-pvt-ltd1750452420,Sarva Suvidhan Pvt. Ltd.,Work from home,Internship
Flutter Development,https://internshala.com/internship/detail/work-from-home-part-time-flutter-development-internship-at-she-can-foundation1750424095,She Can Foundation,Work from home,Internship
Mobile App Frontend Developer,https://internshala.com/internship/detail/work-from-home-part-time-mobile-app-frontend-developer-internship-at-basti-ki-pathshala-foundation1750424164,Basti Ki Pathshala Foundation,Work from home,Internship
Mobile App Backend Developer,https://internshala.com/internship/detail/work-from-home-part-time-mobile-app-backend-developer-internship-at-basti-ki-pathshala-foundation1750424138,Basti Ki Pathshala Foundation,Work from home,Internship
Game Development,https://internshala.com/internship/detail/part-time-game-development-internship-in-multiple-locations-at-shudon-board-game-club1750423353,Shudon Board Game Club,"Ahmedabad, Gandhinagar",Internship
Backend Development,https://internshala.com/internship/detail/work-from-home-part-time-backend-development-internship-at-basti-ki-pathshala-foundation1750422740,Basti Ki Pathshala Foundation,Work from home,Internship
Front End Development,https://internshala.com/internship/detail/work-from-home-part-time-front-end-development-internship-at-basti-ki-pathshala-foundation1750422678,Basti Ki Pathshala Foundation,Work from home,Internship
