Job Title,Job link,Company,Location,Category,Salary,Experience
Senior Data Engineer (Snowflake),https://internshala.com/job/detail/remote-senior-data-engineer-snowflake-job-at-crazy-solutions1749103280,Crazy Solutions,,Job,"₹ 12,00,000 - 26,00,000 /year",5 year(s)
Data Architect - AEP,https://internshala.com/job/detail/remote-data-architect-aep-job-at-intineri-infosol-private-limited1749103752,INTINERI INFOSOL PRIVATE LIMITED,,Job,"₹ 12,00,000 - 24,00,000 /year",7 year(s)
D365 Power Pages UX/UI Developer,https://internshala.com/job/detail/d365-power-pages-ux-ui-developer-job-in-multiple-locations-at-brainhunter-recruiting-pvt-ltd1750100418,Brainhunter Recruiting Pvt Ltd,,Job,"₹ 12,00,000 - 18,00,000 /year",4 year(s)
Lead Software Engineer,https://internshala.com/job/detail/lead-software-engineer-job-in-salem-at-jobsflix1749236473,JobsFlix,,Job,"₹ 12,00,000 - 18,00,000 /year",8 year(s)
Senior PHP Developer,https://internshala.com/job/detail/senior-php-developer-job-in-bangalore-at-aliqan-technologies1749103750,ALIQAN Technologies,,Job,"₹ 12,00,000 - 18,00,000 /year",9 year(s)
Senior PHP Developer,https://internshala.com/job/detail/senior-php-developer-job-in-bangalore-at-aliqan-technologies1749103751,ALIQAN Technologies,,Job,"₹ 12,00,000 - 18,00,000 /year",9 year(s)
Python Developer,https://internshala.com/job/detail/python-developer-job-in-bangalore-at-aliqan-technologies1749103581,ALIQAN Technologies,,Job,"₹ 12,00,000 - 18,00,000 /year",5 year(s)
Python (Programming Language),https://internshala.com/job/detail/python-programming-language-job-in-bangalore-at-aliqan-technologies1749103581,ALIQAN Technologies,,Job,"₹ 12,00,000 - 18,00,000 /year",5 year(s)
Eagle Star QC Analyst,https://internshala.com/job/detail/eagle-star-qc-analyst-job-in-multiple-locations-at-kiash-solutions-llp1749103335,Kiash Solutions LLP,,Job,"₹ 12,00,000 - 16,00,000 /year",3 year(s)
Azure Platform Engineer,https://internshala.com/job/detail/remote-azure-platform-engineer-job-at-admin-looks1749150071,Admin Looks,,Job,"₹ 12,00,000 - 15,00,000 /year",7 year(s)
,,,,Job,,
Senior Frontend Developer,https://internshala.com/job/detail/senior-frontend-developer-job-in-bangalore-at-lalitech1745973018,Lalitech,,Job,"₹ 12,00,000 - 15,00,000 /year",4 year(s)
Java Developer,https://internshala.com/job/detail/java-developer-job-in-multiple-locations-at-aliqan-technologies1747873825,ALIQAN Technologies,,Job,"₹ 12,00,000 - 14,40,000 /year",7 year(s)
Full Stack Developer (.Net With AWS),https://internshala.com/job/detail/remote-full-stack-developer-net-with-aws-job-at-crazy-solutions1747009816,Crazy Solutions,,Job,"₹ 12,00,000 - 14,00,000 /year",4 year(s)
Senior Network Engineer,https://internshala.com/job/detail/senior-network-engineer-job-in-coimbatore-at-almighty-hrd-consultants1745973021,Almighty HRD Consultants,,Job,"₹ 11,00,000 - 18,00,000 /year",7 year(s)
Automation Anywhere Developer,https://internshala.com/job/detail/remote-automation-anywhere-developer-job-at-intineri-infosol-private-limited1749841218,INTINERI INFOSOL PRIVATE LIMITED,,Job,"₹ 10,80,000 - 16,80,000 /year",7 year(s)
AWS Data Engineer,https://internshala.com/job/detail/aws-data-engineer-job-in-multiple-locations-at-future-leap-careers1749639472,Future Leap Careers,,Job,"₹ 10,00,000 - 22,00,000 /year",1 year(s)
Sales Development Representative - US Market,https://internshala.com/job/detail/sales-development-representative-us-market-job-in-bangalore-at-contlo1748679007,Contlo,,Job,"₹ 10,00,000 - 20,00,000 /year",1 year(s)
Software Engineer (Flutter/Full-Stack),https://internshala.com/job/detail/fresher-remote-software-engineer-flutter-full-stack-job-at-z-naturals1748671402,Z NATURALS,,Job,"₹ 10,00,000 - 20,00,000 /year",0 year(s)
Java Developer,https://internshala.com/job/detail/java-developer-job-in-chennai-at-cloudious-llc1750552229,Cloudious LLC,,Job,"₹ 10,00,000 - 15,00,000 /year",8 year(s)
Artificial Intelligence Engineer,https://internshala.com/job/detail/artificial-intelligence-engineer-job-in-multiple-locations-at-kiash-solutions-llp1749103705,Kiash Solutions LLP,,Job,"₹ 10,00,000 - 15,00,000 /year",4 year(s)
Python Developer,https://internshala.com/job/detail/python-developer-job-in-mohali-at-nexus-jobs1749103269,Nexus Jobs,,Job,"₹ 10,00,000 - 15,00,000 /year",3 year(s)
Python Developer,https://internshala.com/job/detail/python-developer-job-in-mohali-at-nexus-jobs1749103104,Nexus Jobs,,Job,"₹ 10,00,000 - 15,00,000 /year",3 year(s)
QUALITY MANAGER,https://internshala.com/job/detail/quality-manager-job-in-hosur-at-almighty-hrd-consultants1750811484,Almighty HRD Consultants,,Job,"₹ 10,00,000 - 12,00,000 /year",12 year(s)
Python Developer,https://internshala.com/job/detail/python-developer-job-in-mohali-at-nexus-jobs1748565016,Nexus Jobs,,Job,"₹ 10,00,000 - 12,00,000 /year",4 year(s)
Performance Test Engineer,https://internshala.com/job/detail/performance-test-engineer-job-in-bangalore-at-aliqan-technologies1747701020,ALIQAN Technologies,,Job,"₹ 9,60,000 - 24,00,000 /year",7 year(s)
RPA Business Analyst,https://internshala.com/job/detail/remote-rpa-business-analyst-job-at-intineri-infosol-private-limited1750186843,INTINERI INFOSOL PRIVATE LIMITED,,Job,"₹ 9,60,000 - 16,80,000 /year",7 year(s)
Automation Anywhere,https://internshala.com/job/detail/remote-automation-anywhere-job-at-intineri-infosol-private-limited1748910630,INTINERI INFOSOL PRIVATE LIMITED,,Job,"₹ 9,60,000 - 16,80,000 /year",7 year(s)
Computer Vision Specialist,https://internshala.com/job/detail/computer-vision-specialist-job-in-delhi-at-kauriink-private-limited1748605578,Kauriink Private Limited,,Job,"₹ 9,60,000 - 13,00,000 /year",1 year(s)
SAP ABAP,https://internshala.com/job/detail/sap-abap-job-in-bangalore-at-aliqan-technologies1749103467,ALIQAN Technologies,,Job,"₹ 9,60,000 - 12,00,000 /year",7 year(s)
HM Consulting SAP HCM,https://internshala.com/job/detail/hm-consulting-sap-hcm-job-in-multiple-locations-at-brainhunter-recruiting-pvt-ltd1750186782,Brainhunter Recruiting Pvt Ltd,,Job,"₹ 9,00,000 - 15,00,000 /year",4 year(s)
DotNet Developer,https://internshala.com/job/detail/dotnet-developer-job-in-hyderabad-at-princo-solutions1749102978,Princo Solutions,,Job,"₹ 9,00,000 - 14,00,000 /year",5 year(s)
Internet of Things (IoT) Specialist,https://internshala.com/job/detail/remote-part-time-internet-of-things-iot-specialist-job-at-uprise-solar-resources-private-limited1749292819,UPRISE SOLAR RESOURCES PRIVATE LIMITED,,Job,"₹ 9,00,000 - 12,00,000 /year",1 year(s)
Internet of Things (IoT) Executive,https://internshala.com/job/detail/remote-part-time-internet-of-things-iot-executive-job-at-uprise-solar-resources-private-limited1749292182,UPRISE SOLAR RESOURCES PRIVATE LIMITED,,Job,"₹ 9,00,000 - 12,00,000 /year",1 year(s)
Cyber Security Manager,https://internshala.com/job/detail/remote-part-time-cyber-security-manager-job-at-uprise-solar-resources-private-limited1749291546,UPRISE SOLAR RESOURCES PRIVATE LIMITED,,Job,"₹ 9,00,000 - 12,00,000 /year",1 year(s)
Cyber Security Executive,https://internshala.com/job/detail/remote-part-time-cyber-security-executive-job-at-uprise-solar-resources-private-limited1749291413,UPRISE SOLAR RESOURCES PRIVATE LIMITED,,Job,"₹ 9,00,000 - 12,00,000 /year",1 year(s)
Full Stack Developer,https://internshala.com/job/detail/remote-full-stack-developer-job-at-bryckel-ai1750482683,Bryckel AI,,Job,"₹ 9,00,000 - 10,00,000 /year",1 year(s)
Product Developer (Assessment Design - Maths And Science IIT/NIT/IISc/BITS/IISER),https://internshala.com/job/detail/fresher-product-developer-assessment-design-maths-and-science-iit-nit-iisc-bits-iiser-job-in-bangalore-at-open-door-education1749789377,Open Door Education,,Job,"₹ 8,50,000 - 12,00,000 /year",0 year(s)
Magento 2 Developer,https://internshala.com/job/detail/magento-2-developer-job-in-ahmedabad-at-vanel-tech-india-private-limited1750318788,Vanel Tech India Private Limited,,Job,"₹ 8,40,000 - 14,40,000 /year",1 year(s)
Tableau Developers,https://internshala.com/job/detail/remote-tableau-developers-job-at-intineri-infosol-private-limited1748046621,INTINERI INFOSOL PRIVATE LIMITED,,Job,"₹ 8,40,000 - 12,00,000 /year",4 year(s)
Junior SAP ABAP Developer,https://internshala.com/job/detail/junior-sap-abap-developer-job-in-lucknow-at-hustlr-staffing-services1750682669,Hustlr Staffing Services,,Job,"₹ 8,20,000 - 12,10,000 /year",1 year(s)
Tableau Developer,https://internshala.com/job/detail/remote-tableau-developer-job-at-crazy-solutions1749103281,Crazy Solutions,,Job,"₹ 8,00,000 - 15,00,000 /year",5 year(s)
Quality Assurance,https://internshala.com/job/detail/remote-quality-assurance-job-at-weekday1748502651,Weekday,,Job,"₹ 8,00,000 - 12,00,000 /year",1 year(s)
Software Development Engineer (Backend),https://internshala.com/job/detail/software-development-engineer-backend-job-in-bangalore-at-vidyuttech-services-private-limited1748420112,VidyutTech Services Private Limited,,Job,"₹ 8,00,000 - 12,00,000 /year",1 year(s)
Java Backend Developer,https://internshala.com/job/detail/java-backend-developer-job-in-multiple-locations-at-regime-tax-solutions-private-limited1747895357,Regime Tax Solutions Private Limited,,Job,"₹ 8,00,000 - 12,00,000 /year",1 year(s)
.Net React With AWS Developer,https://internshala.com/job/detail/remote-net-react-with-aws-developer-job-at-web-idea-solution-llp1750293146,Web Idea Solution LLP,,Job,"₹ 8,00,000 - 12,00,000 /year",3 year(s)
MERN Stack Developer,https://internshala.com/job/detail/mern-stack-developer-job-in-hyderabad-at-hunting-cherry1749103882,Hunting Cherry,,Job,"₹ 8,00,000 - 12,00,000 /year",3 year(s)
Python Developer,https://internshala.com/job/detail/python-developer-job-in-mohali-at-nexus-jobs1747960238,Nexus Jobs,,Job,"₹ 8,00,000 - 12,00,000 /year",4 year(s)
Junior Software Tester,https://internshala.com/job/detail/remote-part-time-junior-software-tester-job-at-uprise-solar-resources-private-limited1749296085,UPRISE SOLAR RESOURCES PRIVATE LIMITED,,Job,"₹ 8,00,000 - 11,00,000 /year",1 year(s)
Associate Android App Developer,https://internshala.com/job/detail/remote-part-time-associate-android-app-developer-job-at-uprise-solar-resources-private-limited1749293807,UPRISE SOLAR RESOURCES PRIVATE LIMITED,,Job,"₹ 8,00,000 - 11,00,000 /year",1 year(s)
Internet of Things (IoT) Associate,https://internshala.com/job/detail/remote-part-time-internet-of-things-iot-associate-job-at-uprise-solar-resources-private-limited1749291738,UPRISE SOLAR RESOURCES PRIVATE LIMITED,,Job,"₹ 8,00,000 - 11,00,000 /year",1 year(s)
,,,,Job,,
.NET Developer,https://internshala.com/job/detail/remote-part-time-net-developer-job-at-uprise-solar-resources-private-limited1749290165,UPRISE SOLAR RESOURCES PRIVATE LIMITED,,Job,"₹ 8,00,000 - 11,00,000 /year",1 year(s)
Software Engineer Trainee,https://internshala.com/job/detail/fresher-remote-software-engineer-trainee-job-at-nanomark-technologies1749818539,Nanomark Technologies,,Job,"₹ 8,00,000 - 10,00,000 /year",0 year(s)
iOS App Developer,https://internshala.com/job/detail/remote-part-time-ios-app-developer-job-at-uprise-solar-resources-private-limited1749297699,UPRISE SOLAR RESOURCES PRIVATE LIMITED,,Job,"₹ 8,00,000 - 10,00,000 /year",1 year(s)
Associate Programmer,https://internshala.com/job/detail/remote-part-time-associate-programmer-job-at-uprise-solar-resources-private-limited1749288381,UPRISE SOLAR RESOURCES PRIVATE LIMITED,,Job,"₹ 8,00,000 - 10,00,000 /year",1 year(s)
Python Developer,https://internshala.com/job/detail/python-developer-job-in-multiple-locations-at-wings-global-services1747873826,Wings Global Services,,Job,"₹ 8,00,000 - 10,00,000 /year",1 year(s)
Deveops Engineer,https://internshala.com/job/detail/deveops-engineer-job-in-multiple-locations-at-wings-global-services1747873825,Wings Global Services,,Job,"₹ 8,00,000 - 10,00,000 /year",1 year(s)
Flutter Developer,https://internshala.com/job/detail/flutter-developer-job-in-multiple-locations-at-wings-global-services1747960240,Wings Global Services,,Job,"₹ 8,00,000 - 9,00,000 /year",1 year(s)
Laravel PHP Developer,https://internshala.com/job/detail/laravel-php-developer-job-in-multiple-locations-at-wings-global-services1747960240,Wings Global Services,,Job,"₹ 8,00,000 - 9,00,000 /year",1 year(s)
Founding Engineer,https://internshala.com/job/detail/fresher-remote-founding-engineer-job-at-calquity-technologies-private-limited1749212473,Calquity Technologies Private Limited,,Job,"₹ 7,50,000 - 12,00,000 /year",0 year(s)
Founding Engineer,https://internshala.com/job/detail/fresher-remote-founding-engineer-job-at-calquity-technologies-private-limited1749210514,Calquity Technologies Private Limited,,Job,"₹ 7,50,000 - 10,50,000 /year",0 year(s)
Python Developer,https://internshala.com/job/detail/python-developer-job-in-noida-at-settlezy1748503999,Settlezy,,Job,"₹ 7,20,000 - 10,80,000 /year",1 year(s)
Digital Marketing -Team Lead,https://internshala.com/job/detail/digital-marketing-team-lead-job-in-ahmedabad-at-netclues1749102994,Netclues,,Job,"₹ 7,20,000 - 10,00,000 /year",5 year(s)
Senior Data Engineer - Azure,https://internshala.com/job/detail/senior-data-engineer-azure-job-in-bangalore-at-true-blue-hr-consultants1749103148,True Blue HR Consultants,,Job,"₹ 7,00,000 - 28,00,000 /year",4 year(s)
SAP ABAP Consultant,https://internshala.com/job/detail/sap-abap-consultant-job-in-pune-at-intineri-infosol-private-limited1750379691,INTINERI INFOSOL PRIVATE LIMITED,,Job,"₹ 7,00,000 - 20,00,000 /year",7 year(s)
.NET Developer,https://internshala.com/job/detail/net-developer-job-in-pune-at-intineri-infosol-private-limited1750293167,INTINERI INFOSOL PRIVATE LIMITED,,Job,"₹ 7,00,000 - 18,00,000 /year",4 year(s)
Full-Stack CodeIgniter Developer (UI/UX + Figma),https://internshala.com/job/detail/full-stack-codeigniter-developer-ui-ux-figma-job-in-nashik-at-topsystemsio1750140018,TopSystems.io,,Job,"₹ 7,00,000 - 13,00,000 /year",1 year(s)
Software Development Engineer-1 (Frontend),https://internshala.com/job/detail/software-development-engineer-1-frontend-job-in-bangalore-at-vidyuttech-services-private-limited1748587345,VidyutTech Services Private Limited,,Job,"₹ 7,00,000 - 12,00,000 /year",1 year(s)
Software Test Engineer,https://internshala.com/job/detail/software-test-engineer-job-in-bangalore-at-superleap-crm1749103995,Superleap CRM,,Job,"₹ 7,00,000 - 12,00,000 /year",3 year(s)
Android App Developer,https://internshala.com/job/detail/fresher-remote-android-app-developer-job-at-genesis1749442868,Genesis,,Job,"₹ 7,00,000 - 10,00,000 /year",0 year(s)
Programmer,https://internshala.com/job/detail/remote-part-time-programmer-job-at-uprise-solar-resources-private-limited1749288646,UPRISE SOLAR RESOURCES PRIVATE LIMITED,,Job,"₹ 7,00,000 - 10,00,000 /year",1 year(s)
Database & Systems Administrator,https://internshala.com/job/detail/database-systems-administrator-job-in-multiple-locations-at-regime-tax-solutions-private-limited1747895642,Regime Tax Solutions Private Limited,,Job,"₹ 7,00,000 - 10,00,000 /year",1 year(s)
Assistant Manager - Microbiology,https://internshala.com/job/detail/assistant-manager-microbiology-job-in-ahmedabad-at-aceto-pharma-india-private-ltd1749103819,Aceto Pharma (India) Private Ltd.,,Job,"₹ 7,00,000 - 10,00,000 /year",6 year(s)
Azure Sales / DAYSHIFT / Fixed Off /delhi,https://internshala.com/job/detail/azure-sales-dayshift-fixed-off-delhi-job-in-multiple-locations-at-sana-search-international1749102972,Sana Search International,,Job,"₹ 7,00,000 - 10,00,000 /year",2 year(s)
Cyber Security Associate,https://internshala.com/job/detail/remote-part-time-cyber-security-associate-job-at-uprise-solar-resources-private-limited1749291260,UPRISE SOLAR RESOURCES PRIVATE LIMITED,,Job,"₹ 7,00,000 - 9,50,000 /year",1 year(s)
Associate Software Developer,https://internshala.com/job/detail/associate-software-developer-job-in-gurgaon-at-jina-code-systems-llp1749035571,Jina Code Systems LLP,,Job,"₹ 7,00,000 - 9,50,000 /year",1 year(s)
Associate iOS App Developer,https://internshala.com/job/detail/remote-part-time-associate-ios-app-developer-job-at-uprise-solar-resources-private-limited1749297510,UPRISE SOLAR RESOURCES PRIVATE LIMITED,,Job,"₹ 7,00,000 - 9,00,000 /year",1 year(s)
Junior Software Developer,https://internshala.com/job/detail/remote-part-time-junior-software-developer-job-at-uprise-solar-resources-private-limited1749295921,UPRISE SOLAR RESOURCES PRIVATE LIMITED,,Job,"₹ 7,00,000 - 9,00,000 /year",1 year(s)
Associate Software Tester,https://internshala.com/job/detail/remote-part-time-associate-software-tester-job-at-uprise-solar-resources-private-limited1749295760,UPRISE SOLAR RESOURCES PRIVATE LIMITED,,Job,"₹ 7,00,000 - 9,00,000 /year",1 year(s)
Associate Software Developer,https://internshala.com/job/detail/remote-part-time-associate-software-developer-job-at-uprise-solar-resources-private-limited1749295669,UPRISE SOLAR RESOURCES PRIVATE LIMITED,,Job,"₹ 7,00,000 - 9,00,000 /year",1 year(s)
Associate Mobile App Developer,https://internshala.com/job/detail/remote-part-time-associate-mobile-app-developer-job-at-uprise-solar-resources-private-limited1749293987,UPRISE SOLAR RESOURCES PRIVATE LIMITED,,Job,"₹ 7,00,000 - 9,00,000 /year",1 year(s)
